Rank,Investment Rating,Company,Symbol,Sector,Overall Score,Why This Stock Was Selected,Key Strengths,Key Concerns,P/E Ratio,Market Cap,Gross Margin %,ROE %,Recommendation
1,🌟 STRONG BUY,Apple Inc.,AAPL,Technology,0.85,"⭐ Exceptional profitability (ROE 175%) | 🏰 Strong competitive moat | 💰 Reasonable valuation for growth | 📱 Dominant market position","🏆 Exceptional return on equity | 💼 Strong profit margins (43%) | 🛡️ Brand loyalty and ecosystem lock-in | 💰 Strong cash flow generation","📱 iPhone dependency risk | 🏛️ Regulatory scrutiny | 🌏 China market exposure",28.57,"$2.8 Trillion",43.3,175.0,"Strong Buy - Exceptional profitability with durable competitive advantages. Warren Buffett-style quality at reasonable price."
2,💎 BUY,Microsoft Corporation,MSFT,Technology,0.72,"☁️ Cloud computing leadership | 🔄 Recurring revenue model | 🏢 Enterprise dominance | 💡 AI and innovation focus","☁️ Azure market leadership | 🔄 Subscription-based revenue | 💼 Strong enterprise relationships | 🤖 AI integration advantage","💸 Higher valuation multiple | 🏢 Enterprise market dependency | 🔄 Subscription fatigue risk",35.2,"$3.1 Trillion",68.4,47.1,"Buy - Solid fundamentals with strong growth prospects in cloud and AI. Reliable long-term performer."
3,⚖️ HOLD,Tesla Inc.,TSLA,Automotive,0.65,"🚗 Electric vehicle market pioneer | ⚡ Energy storage growth | 🔬 Innovation and technology focus | 🌱 Sustainability trends","🚗 EV market leadership | ⚡ Energy business expansion | 🔬 Continuous innovation | 🌱 ESG investment appeal","💸 High valuation risk | 📉 Earnings volatility | 🏭 Production challenges | 👤 Key person dependency",73.5,"$800 Billion",21.0,28.1,"Hold - Growth potential but high risk. Monitor closely for valuation improvements and execution."
4,⚠️ WEAK HOLD,Netflix Inc.,NFLX,Communication,0.58,"📺 Streaming market leader | 🌍 Global content strategy | 📱 Technology platform | 🎬 Original content moat","📺 Content library advantage | 🌍 International expansion | 📱 Technology innovation | 🎬 Original programming","📈 Market saturation | 💰 Content cost inflation | 🏆 Increasing competition | 📉 Subscriber growth slowdown",25.8,"$180 Billion",36.7,22.4,"Weak Hold - Mature business facing headwinds. Consider alternatives with better growth prospects."
5,🚨 AVOID,General Electric,GE,Industrial,0.42,"🏭 Industrial conglomerate | ⚡ Energy infrastructure | ✈️ Aerospace exposure | 🔧 Turnaround story","🏭 Diversified industrial base | ✈️ Aviation recovery play | ⚡ Renewable energy growth | 🔧 Management improvements","💸 High debt levels | 📉 Inconsistent performance | 🏭 Cyclical business model | ⚖️ Regulatory challenges",18.2,"$120 Billion",15.2,8.3,"Avoid - Poor value investment characteristics. High debt and cyclical risks outweigh potential benefits."

INVESTMENT SUMMARY:
- 🎯 Total Companies Analyzed: 5
- ⭐ Strong Buy Recommendations: 1 (Apple)
- 💎 Buy Recommendations: 1 (Microsoft) 
- ⚖️ Hold Recommendations: 1 (Tesla)
- ⚠️ Weak Hold: 1 (Netflix)
- 🚨 Avoid: 1 (General Electric)

KEY SELECTION CRITERIA EXPLAINED:
✅ HIGH SCORES indicate companies that meet our value investing principles:
   - Sustainable competitive advantages (economic moats)
   - Strong and consistent profitability 
   - Reasonable valuations relative to growth
   - Quality management and governance
   - Predictable business models
   - Strong balance sheets

❌ LOW SCORES indicate companies with concerning characteristics:
   - High debt levels or financial stress
   - Cyclical or unpredictable earnings
   - High valuations without justification
   - Weak competitive positions
   - Poor management track record
   - Regulatory or business model risks

💡 INVESTMENT PHILOSOPHY:
Our analysis follows Warren Buffett's value investing principles:
1. Buy wonderful companies at fair prices
2. Look for durable competitive advantages
3. Focus on long-term business quality
4. Demand margin of safety in valuations
5. Invest in businesses you understand


