Company,Symbol,Rating,Score,Why We Like It,Main Concern,Action
Apple Inc.,AAPL,🌟 STRONG BUY,85%,"Incredible profitability (ROE 175%) and strong brand moat. iPhone ecosystem creates customer loyalty.","Heavy dependence on iPhone sales could be risky if smartphone market declines.","BUY - Exceptional quality company at reasonable price"
Microsoft Corp.,MSFT,💎 BUY,72%,"Cloud computing leader with recurring revenue from software subscriptions. Dominant in enterprise market.","Higher valuation than some competitors. Success depends on continued cloud growth.","BUY - Reliable growth with strong competitive position"
Tesla Inc.,TSLA,⚖️ HOLD,65%,"Electric vehicle pioneer with growing energy business. Benefits from sustainability trends.","Very high valuation and volatile earnings. Heavy dependence on CEO Elon Musk.","HOLD - Watch for better entry price"
Amazon.com,AMZN,💎 BUY,71%,"E-commerce dominance plus profitable cloud services (AWS). Multiple growth drivers.","Retail margins are thin. Faces increasing competition in both e-commerce and cloud.","BUY - Long-term growth story intact"
Alphabet Inc.,GOOGL,💎 BUY,73%,"Search advertising monopoly generates massive cash flows. Leading in AI development.","Regulatory pressure from governments. Advertising market can be cyclical.","BUY - Dominant market position with innovation"

SUMMARY:
🎯 Best Pick: AAPL (Apple) - Exceptional profitability with brand moat
💰 Value Play: MSFT (Microsoft) - Steady growth with cloud dominance  
⚠️ Caution: TSLA (Tesla) - High growth but high risk and valuation

WHAT THE SCORES MEAN:
85%+ = Outstanding investment opportunity (Strong Buy)
70-84% = Good investment with solid prospects (Buy)
60-69% = Decent but monitor closely (Hold)
50-59% = Below average, proceed with caution (Weak Hold)
<50% = Poor investment characteristics (Avoid)

WHY THESE COMPANIES WERE SELECTED:
✅ Strong competitive advantages that protect profits
✅ Consistent and growing profitability over time
✅ Reasonable valuations relative to their growth potential
✅ Quality management teams with good track records
✅ Business models we can understand and predict
✅ Strong balance sheets with manageable debt levels

Each company scored highly on multiple Warren Buffett-style value investing criteria including economic moats, financial strength, and long-term growth potential.


